Class,Age,Gender,Survived
First Class,Adult,Male,Yes
First Class,Adult,Male,Yes
First Class,Adult,Male,Yes
First Class,Adult,Male,Yes
First Class,Adult,Male,Yes
First Class,Adult,Male,Yes
First Class,Adult,Male,Yes
First Class,Adult,Male,Yes
First Class,Adult,Male,Yes
First Class,Adult,Male,Yes
First Class,Adult,Male,Yes
First Class,Adult,Male,Yes
First Class,Adult,Male,Yes
First Class,Adult,Male,Yes
First Class,Adult,Male,Yes
First Class,Adult,Male,Yes
First Class,Adult,Male,Yes
First Class,Adult,Male,Yes
First Class,Adult,Male,Yes
First Class,Adult,Male,Yes
First Class,Adult,Male,Yes
First Class,Adult,Male,Yes
First Class,Adult,Male,Yes
First Class,Adult,Male,Yes
First Class,Adult,Male,Yes
First Class,Adult,Male,Yes
First Class,Adult,Male,Yes
First Class,Adult,Male,Yes
First Class,Adult,Male,Yes
First Class,Adult,Male,Yes
First Class,Adult,Male,Yes
First Class,Adult,Male,Yes
First Class,Adult,Male,Yes
First Class,Adult,Male,Yes
First Class,Adult,Male,Yes
First Class,Adult,Male,Yes
First Class,Adult,Male,Yes
First Class,Adult,Male,Yes
First Class,Adult,Male,Yes
First Class,Adult,Male,Yes
First Class,Adult,Male,Yes
First Class,Adult,Male,Yes
First Class,Adult,Male,Yes
First Class,Adult,Male,Yes
First Class,Adult,Male,Yes
First Class,Adult,Male,Yes
First Class,Adult,Male,Yes
First Class,Adult,Male,Yes
First Class,Adult,Male,Yes
First Class,Adult,Male,Yes
First Class,Adult,Male,Yes
First Class,Adult,Male,Yes
First Class,Adult,Male,Yes
First Class,Adult,Male,Yes
First Class,Adult,Male,Yes
First Class,Adult,Male,Yes
First Class,Adult,Male,Yes
First Class,Adult,Male,No
First Class,Adult,Male,No
First Class,Adult,Male,No
First Class,Adult,Male,No
First Class,Adult,Male,No
First Class,Adult,Male,No
First Class,Adult,Male,No
First Class,Adult,Male,No
First Class,Adult,Male,No
First Class,Adult,Male,No
First Class,Adult,Male,No
First Class,Adult,Male,No
First Class,Adult,Male,No
First Class,Adult,Male,No
First Class,Adult,Male,No
First Class,Adult,Male,No
First Class,Adult,Male,No
First Class,Adult,Male,No
First Class,Adult,Male,No
First Class,Adult,Male,No
First Class,Adult,Male,No
First Class,Adult,Male,No
First Class,Adult,Male,No
First Class,Adult,Male,No
First Class,Adult,Male,No
First Class,Adult,Male,No
First Class,Adult,Male,No
First Class,Adult,Male,No
First Class,Adult,Male,No
First Class,Adult,Male,No
First Class,Adult,Male,No
First Class,Adult,Male,No
First Class,Adult,Male,No
First Class,Adult,Male,No
First Class,Adult,Male,No
First Class,Adult,Male,No
First Class,Adult,Male,No
First Class,Adult,Male,No
First Class,Adult,Male,No
First Class,Adult,Male,No
First Class,Adult,Male,No
First Class,Adult,Male,No
First Class,Adult,Male,No
First Class,Adult,Male,No
First Class,Adult,Male,No
First Class,Adult,Male,No
First Class,Adult,Male,No
First Class,Adult,Male,No
First Class,Adult,Male,No
First Class,Adult,Male,No
First Class,Adult,Male,No
First Class,Adult,Male,No
First Class,Adult,Male,No
First Class,Adult,Male,No
First Class,Adult,Male,No
First Class,Adult,Male,No
First Class,Adult,Male,No
First Class,Adult,Male,No
First Class,Adult,Male,No
First Class,Adult,Male,No
First Class,Adult,Male,No
First Class,Adult,Male,No
First Class,Adult,Male,No
First Class,Adult,Male,No
First Class,Adult,Male,No
First Class,Adult,Male,No
First Class,Adult,Male,No
First Class,Adult,Male,No
First Class,Adult,Male,No
First Class,Adult,Male,No
First Class,Adult,Male,No
First Class,Adult,Male,No
First Class,Adult,Male,No
First Class,Adult,Male,No
First Class,Adult,Male,No
First Class,Adult,Male,No
First Class,Adult,Male,No
First Class,Adult,Male,No
First Class,Adult,Male,No
First Class,Adult,Male,No
First Class,Adult,Male,No
First Class,Adult,Male,No
First Class,Adult,Male,No
First Class,Adult,Male,No
First Class,Adult,Male,No
First Class,Adult,Male,No
First Class,Adult,Male,No
First Class,Adult,Male,No
First Class,Adult,Male,No
First Class,Adult,Male,No
First Class,Adult,Male,No
First Class,Adult,Male,No
First Class,Adult,Male,No
First Class,Adult,Male,No
First Class,Adult,Male,No
First Class,Adult,Male,No
First Class,Adult,Male,No
First Class,Adult,Male,No
First Class,Adult,Male,No
First Class,Adult,Male,No
First Class,Adult,Male,No
First Class,Adult,Male,No
First Class,Adult,Male,No
First Class,Adult,Male,No
First Class,Adult,Male,No
First Class,Adult,Male,No
First Class,Adult,Male,No
First Class,Adult,Male,No
First Class,Adult,Male,No
First Class,Adult,Male,No
First Class,Adult,Male,No
First Class,Adult,Male,No
First Class,Adult,Male,No
First Class,Adult,Male,No
First Class,Adult,Male,No
First Class,Adult,Male,No
First Class,Adult,Male,No
First Class,Adult,Male,No
First Class,Adult,Female,Yes
First Class,Adult,Female,Yes
First Class,Adult,Female,Yes
First Class,Adult,Female,Yes
First Class,Adult,Female,Yes
First Class,Adult,Female,Yes
First Class,Adult,Female,Yes
First Class,Adult,Female,Yes
First Class,Adult,Female,Yes
First Class,Adult,Female,Yes
First Class,Adult,Female,Yes
First Class,Adult,Female,Yes
First Class,Adult,Female,Yes
First Class,Adult,Female,Yes
First Class,Adult,Female,Yes
First Class,Adult,Female,Yes
First Class,Adult,Female,Yes
First Class,Adult,Female,Yes
First Class,Adult,Female,Yes
First Class,Adult,Female,Yes
First Class,Adult,Female,Yes
First Class,Adult,Female,Yes
First Class,Adult,Female,Yes
First Class,Adult,Female,Yes
First Class,Adult,Female,Yes
First Class,Adult,Female,Yes
First Class,Adult,Female,Yes
First Class,Adult,Female,Yes
First Class,Adult,Female,Yes
First Class,Adult,Female,Yes
First Class,Adult,Female,Yes
First Class,Adult,Female,Yes
First Class,Adult,Female,Yes
First Class,Adult,Female,Yes
First Class,Adult,Female,Yes
First Class,Adult,Female,Yes
First Class,Adult,Female,Yes
First Class,Adult,Female,Yes
First Class,Adult,Female,Yes
First Class,Adult,Female,Yes
First Class,Adult,Female,Yes
First Class,Adult,Female,Yes
First Class,Adult,Female,Yes
First Class,Adult,Female,Yes
First Class,Adult,Female,Yes
First Class,Adult,Female,Yes
First Class,Adult,Female,Yes
First Class,Adult,Female,Yes
First Class,Adult,Female,Yes
First Class,Adult,Female,Yes
First Class,Adult,Female,Yes
First Class,Adult,Female,Yes
First Class,Adult,Female,Yes
First Class,Adult,Female,Yes
First Class,Adult,Female,Yes
First Class,Adult,Female,Yes
First Class,Adult,Female,Yes
First Class,Adult,Female,Yes
First Class,Adult,Female,Yes
First Class,Adult,Female,Yes
First Class,Adult,Female,Yes
First Class,Adult,Female,Yes
First Class,Adult,Female,Yes
First Class,Adult,Female,Yes
First Class,Adult,Female,Yes
First Class,Adult,Female,Yes
First Class,Adult,Female,Yes
First Class,Adult,Female,Yes
First Class,Adult,Female,Yes
First Class,Adult,Female,Yes
First Class,Adult,Female,Yes
First Class,Adult,Female,Yes
First Class,Adult,Female,Yes
First Class,Adult,Female,Yes
First Class,Adult,Female,Yes
First Class,Adult,Female,Yes
First Class,Adult,Female,Yes
First Class,Adult,Female,Yes
First Class,Adult,Female,Yes
First Class,Adult,Female,Yes
First Class,Adult,Female,Yes
First Class,Adult,Female,Yes
First Class,Adult,Female,Yes
First Class,Adult,Female,Yes
First Class,Adult,Female,Yes
First Class,Adult,Female,Yes
First Class,Adult,Female,Yes
First Class,Adult,Female,Yes
First Class,Adult,Female,Yes
First Class,Adult,Female,Yes
First Class,Adult,Female,Yes
First Class,Adult,Female,Yes
First Class,Adult,Female,Yes
First Class,Adult,Female,Yes
First Class,Adult,Female,Yes
First Class,Adult,Female,Yes
First Class,Adult,Female,Yes
First Class,Adult,Female,Yes
First Class,Adult,Female,Yes
First Class,Adult,Female,Yes
First Class,Adult,Female,Yes
First Class,Adult,Female,Yes
First Class,Adult,Female,Yes
First Class,Adult,Female,Yes
First Class,Adult,Female,Yes
First Class,Adult,Female,Yes
First Class,Adult,Female,Yes
First Class,Adult,Female,Yes
First Class,Adult,Female,Yes
First Class,Adult,Female,Yes
First Class,Adult,Female,Yes
First Class,Adult,Female,Yes
First Class,Adult,Female,Yes
First Class,Adult,Female,Yes
First Class,Adult,Female,Yes
First Class,Adult,Female,Yes
First Class,Adult,Female,Yes
First Class,Adult,Female,Yes
First Class,Adult,Female,Yes
First Class,Adult,Female,Yes
First Class,Adult,Female,Yes
First Class,Adult,Female,Yes
First Class,Adult,Female,Yes
First Class,Adult,Female,Yes
First Class,Adult,Female,Yes
First Class,Adult,Female,Yes
First Class,Adult,Female,Yes
First Class,Adult,Female,Yes
First Class,Adult,Female,Yes
First Class,Adult,Female,Yes
First Class,Adult,Female,Yes
First Class,Adult,Female,Yes
First Class,Adult,Female,Yes
First Class,Adult,Female,Yes
First Class,Adult,Female,Yes
First Class,Adult,Female,Yes
First Class,Adult,Female,Yes
First Class,Adult,Female,Yes
First Class,Adult,Female,Yes
First Class,Adult,Female,Yes
First Class,Adult,Female,No
First Class,Adult,Female,No
First Class,Adult,Female,No
First Class,Adult,Female,No
First Class,Child,Male,Yes
First Class,Child,Male,Yes
First Class,Child,Male,Yes
First Class,Child,Male,Yes
First Class,Child,Male,Yes
First Class,Child,Female,Yes
Second Class,Adult,Male,Yes
Second Class,Adult,Male,Yes
Second Class,Adult,Male,Yes
Second Class,Adult,Male,Yes
Second Class,Adult,Male,Yes
Second Class,Adult,Male,Yes
Second Class,Adult,Male,Yes
Second Class,Adult,Male,Yes
Second Class,Adult,Male,Yes
Second Class,Adult,Male,Yes
Second Class,Adult,Male,Yes
Second Class,Adult,Male,Yes
Second Class,Adult,Male,Yes
Second Class,Adult,Male,Yes
Second Class,Adult,Male,No
Second Class,Adult,Male,No
Second Class,Adult,Male,No
Second Class,Adult,Male,No
Second Class,Adult,Male,No
Second Class,Adult,Male,No
Second Class,Adult,Male,No
Second Class,Adult,Male,No
Second Class,Adult,Male,No
Second Class,Adult,Male,No
Second Class,Adult,Male,No
Second Class,Adult,Male,No
Second Class,Adult,Male,No
Second Class,Adult,Male,No
Second Class,Adult,Male,No
Second Class,Adult,Male,No
Second Class,Adult,Male,No
Second Class,Adult,Male,No
Second Class,Adult,Male,No
Second Class,Adult,Male,No
Second Class,Adult,Male,No
Second Class,Adult,Male,No
Second Class,Adult,Male,No
Second Class,Adult,Male,No
Second Class,Adult,Male,No
Second Class,Adult,Male,No
Second Class,Adult,Male,No
Second Class,Adult,Male,No
Second Class,Adult,Male,No
Second Class,Adult,Male,No
Second Class,Adult,Male,No
Second Class,Adult,Male,No
Second Class,Adult,Male,No
Second Class,Adult,Male,No
Second Class,Adult,Male,No
Second Class,Adult,Male,No
Second Class,Adult,Male,No
Second Class,Adult,Male,No
Second Class,Adult,Male,No
Second Class,Adult,Male,No
Second Class,Adult,Male,No
Second Class,Adult,Male,No
Second Class,Adult,Male,No
Second Class,Adult,Male,No
Second Class,Adult,Male,No
Second Class,Adult,Male,No
Second Class,Adult,Male,No
Second Class,Adult,Male,No
Second Class,Adult,Male,No
Second Class,Adult,Male,No
Second Class,Adult,Male,No
Second Class,Adult,Male,No
Second Class,Adult,Male,No
Second Class,Adult,Male,No
Second Class,Adult,Male,No
Second Class,Adult,Male,No
Second Class,Adult,Male,No
Second Class,Adult,Male,No
Second Class,Adult,Male,No
Second Class,Adult,Male,No
Second Class,Adult,Male,No
Second Class,Adult,Male,No
Second Class,Adult,Male,No
Second Class,Adult,Male,No
Second Class,Adult,Male,No
Second Class,Adult,Male,No
Second Class,Adult,Male,No
Second Class,Adult,Male,No
Second Class,Adult,Male,No
Second Class,Adult,Male,No
Second Class,Adult,Male,No
Second Class,Adult,Male,No
Second Class,Adult,Male,No
Second Class,Adult,Male,No
Second Class,Adult,Male,No
Second Class,Adult,Male,No
Second Class,Adult,Male,No
Second Class,Adult,Male,No
Second Class,Adult,Male,No
Second Class,Adult,Male,No
Second Class,Adult,Male,No
Second Class,Adult,Male,No
Second Class,Adult,Male,No
Second Class,Adult,Male,No
Second Class,Adult,Male,No
Second Class,Adult,Male,No
Second Class,Adult,Male,No
Second Class,Adult,Male,No
Second Class,Adult,Male,No
Second Class,Adult,Male,No
Second Class,Adult,Male,No
Second Class,Adult,Male,No
Second Class,Adult,Male,No
Second Class,Adult,Male,No
Second Class,Adult,Male,No
Second Class,Adult,Male,No
Second Class,Adult,Male,No
Second Class,Adult,Male,No
Second Class,Adult,Male,No
Second Class,Adult,Male,No
Second Class,Adult,Male,No
Second Class,Adult,Male,No
Second Class,Adult,Male,No
Second Class,Adult,Male,No
Second Class,Adult,Male,No
Second Class,Adult,Male,No
Second Class,Adult,Male,No
Second Class,Adult,Male,No
Second Class,Adult,Male,No
Second Class,Adult,Male,No
Second Class,Adult,Male,No
Second Class,Adult,Male,No
Second Class,Adult,Male,No
Second Class,Adult,Male,No
Second Class,Adult,Male,No
Second Class,Adult,Male,No
Second Class,Adult,Male,No
Second Class,Adult,Male,No
Second Class,Adult,Male,No
Second Class,Adult,Male,No
Second Class,Adult,Male,No
Second Class,Adult,Male,No
Second Class,Adult,Male,No
Second Class,Adult,Male,No
Second Class,Adult,Male,No
Second Class,Adult,Male,No
Second Class,Adult,Male,No
Second Class,Adult,Male,No
Second Class,Adult,Male,No
Second Class,Adult,Male,No
Second Class,Adult,Male,No
Second Class,Adult,Male,No
Second Class,Adult,Male,No
Second Class,Adult,Male,No
Second Class,Adult,Male,No
Second Class,Adult,Male,No
Second Class,Adult,Male,No
Second Class,Adult,Male,No
Second Class,Adult,Male,No
Second Class,Adult,Male,No
Second Class,Adult,Male,No
Second Class,Adult,Male,No
Second Class,Adult,Male,No
Second Class,Adult,Male,No
Second Class,Adult,Male,No
Second Class,Adult,Male,No
Second Class,Adult,Male,No
Second Class,Adult,Male,No
Second Class,Adult,Male,No
Second Class,Adult,Male,No
Second Class,Adult,Male,No
Second Class,Adult,Male,No
Second Class,Adult,Male,No
Second Class,Adult,Male,No
Second Class,Adult,Female,Yes
Second Class,Adult,Female,Yes
Second Class,Adult,Female,Yes
Second Class,Adult,Female,Yes
Second Class,Adult,Female,Yes
Second Class,Adult,Female,Yes
Second Class,Adult,Female,Yes
Second Class,Adult,Female,Yes
Second Class,Adult,Female,Yes
Second Class,Adult,Female,Yes
Second Class,Adult,Female,Yes
Second Class,Adult,Female,Yes
Second Class,Adult,Female,Yes
Second Class,Adult,Female,Yes
Second Class,Adult,Female,Yes
Second Class,Adult,Female,Yes
Second Class,Adult,Female,Yes
Second Class,Adult,Female,Yes
Second Class,Adult,Female,Yes
Second Class,Adult,Female,Yes
Second Class,Adult,Female,Yes
Second Class,Adult,Female,Yes
Second Class,Adult,Female,Yes
Second Class,Adult,Female,Yes
Second Class,Adult,Female,Yes
Second Class,Adult,Female,Yes
Second Class,Adult,Female,Yes
Second Class,Adult,Female,Yes
Second Class,Adult,Female,Yes
Second Class,Adult,Female,Yes
Second Class,Adult,Female,Yes
Second Class,Adult,Female,Yes
Second Class,Adult,Female,Yes
Second Class,Adult,Female,Yes
Second Class,Adult,Female,Yes
Second Class,Adult,Female,Yes
Second Class,Adult,Female,Yes
Second Class,Adult,Female,Yes
Second Class,Adult,Female,Yes
Second Class,Adult,Female,Yes
Second Class,Adult,Female,Yes
Second Class,Adult,Female,Yes
Second Class,Adult,Female,Yes
Second Class,Adult,Female,Yes
Second Class,Adult,Female,Yes
Second Class,Adult,Female,Yes
Second Class,Adult,Female,Yes
Second Class,Adult,Female,Yes
Second Class,Adult,Female,Yes
Second Class,Adult,Female,Yes
Second Class,Adult,Female,Yes
Second Class,Adult,Female,Yes
Second Class,Adult,Female,Yes
Second Class,Adult,Female,Yes
Second Class,Adult,Female,Yes
Second Class,Adult,Female,Yes
Second Class,Adult,Female,Yes
Second Class,Adult,Female,Yes
Second Class,Adult,Female,Yes
Second Class,Adult,Female,Yes
Second Class,Adult,Female,Yes
Second Class,Adult,Female,Yes
Second Class,Adult,Female,Yes
Second Class,Adult,Female,Yes
Second Class,Adult,Female,Yes
Second Class,Adult,Female,Yes
Second Class,Adult,Female,Yes
Second Class,Adult,Female,Yes
Second Class,Adult,Female,Yes
Second Class,Adult,Female,Yes
Second Class,Adult,Female,Yes
Second Class,Adult,Female,Yes
Second Class,Adult,Female,Yes
Second Class,Adult,Female,Yes
Second Class,Adult,Female,Yes
Second Class,Adult,Female,Yes
Second Class,Adult,Female,Yes
Second Class,Adult,Female,Yes
Second Class,Adult,Female,Yes
Second Class,Adult,Female,Yes
Second Class,Adult,Female,No
Second Class,Adult,Female,No
Second Class,Adult,Female,No
Second Class,Adult,Female,No
Second Class,Adult,Female,No
Second Class,Adult,Female,No
Second Class,Adult,Female,No
Second Class,Adult,Female,No
Second Class,Adult,Female,No
Second Class,Adult,Female,No
Second Class,Adult,Female,No
Second Class,Adult,Female,No
Second Class,Adult,Female,No
Second Class,Child,Male,Yes
Second Class,Child,Male,Yes
Second Class,Child,Male,Yes
Second Class,Child,Male,Yes
Second Class,Child,Male,Yes
Second Class,Child,Male,Yes
Second Class,Child,Male,Yes
Second Class,Child,Male,Yes
Second Class,Child,Male,Yes
Second Class,Child,Male,Yes
Second Class,Child,Male,Yes
Second Class,Child,Female,Yes
Second Class,Child,Female,Yes
Second Class,Child,Female,Yes
Second Class,Child,Female,Yes
Second Class,Child,Female,Yes
Second Class,Child,Female,Yes
Second Class,Child,Female,Yes
Second Class,Child,Female,Yes
Second Class,Child,Female,Yes
Second Class,Child,Female,Yes
Second Class,Child,Female,Yes
Second Class,Child,Female,Yes
Second Class,Child,Female,Yes
Thrid Class,Adult,Male,Yes
Thrid Class,Adult,Male,Yes
Thrid Class,Adult,Male,Yes
Thrid Class,Adult,Male,Yes
Thrid Class,Adult,Male,Yes
Thrid Class,Adult,Male,Yes
Thrid Class,Adult,Male,Yes
Thrid Class,Adult,Male,Yes
Thrid Class,Adult,Male,Yes
Thrid Class,Adult,Male,Yes
Thrid Class,Adult,Male,Yes
Thrid Class,Adult,Male,Yes
Thrid Class,Adult,Male,Yes
Thrid Class,Adult,Male,Yes
Thrid Class,Adult,Male,Yes
Thrid Class,Adult,Male,Yes
Thrid Class,Adult,Male,Yes
Thrid Class,Adult,Male,Yes
Thrid Class,Adult,Male,Yes
Thrid Class,Adult,Male,Yes
Thrid Class,Adult,Male,Yes
Thrid Class,Adult,Male,Yes
Thrid Class,Adult,Male,Yes
Thrid Class,Adult,Male,Yes
Thrid Class,Adult,Male,Yes
Thrid Class,Adult,Male,Yes
Thrid Class,Adult,Male,Yes
Thrid Class,Adult,Male,Yes
Thrid Class,Adult,Male,Yes
Thrid Class,Adult,Male,Yes
Thrid Class,Adult,Male,Yes
Thrid Class,Adult,Male,Yes
Thrid Class,Adult,Male,Yes
Thrid Class,Adult,Male,Yes
Thrid Class,Adult,Male,Yes
Thrid Class,Adult,Male,Yes
Thrid Class,Adult,Male,Yes
Thrid Class,Adult,Male,Yes
Thrid Class,Adult,Male,Yes
Thrid Class,Adult,Male,Yes
Thrid Class,Adult,Male,Yes
Thrid Class,Adult,Male,Yes
Thrid Class,Adult,Male,Yes
Thrid Class,Adult,Male,Yes
Thrid Class,Adult,Male,Yes
Thrid Class,Adult,Male,Yes
Thrid Class,Adult,Male,Yes
Thrid Class,Adult,Male,Yes
Thrid Class,Adult,Male,Yes
Thrid Class,Adult,Male,Yes
Thrid Class,Adult,Male,Yes
Thrid Class,Adult,Male,Yes
Thrid Class,Adult,Male,Yes
Thrid Class,Adult,Male,Yes
Thrid Class,Adult,Male,Yes
Thrid Class,Adult,Male,Yes
Thrid Class,Adult,Male,Yes
Thrid Class,Adult,Male,Yes
Thrid Class,Adult,Male,Yes
Thrid Class,Adult,Male,Yes
Thrid Class,Adult,Male,Yes
Thrid Class,Adult,Male,Yes
Thrid Class,Adult,Male,Yes
Thrid Class,Adult,Male,Yes
Thrid Class,Adult,Male,Yes
Thrid Class,Adult,Male,Yes
Thrid Class,Adult,Male,Yes
Thrid Class,Adult,Male,Yes
Thrid Class,Adult,Male,Yes
Thrid Class,Adult,Male,Yes
Thrid Class,Adult,Male,Yes
Thrid Class,Adult,Male,Yes
Thrid Class,Adult,Male,Yes
Thrid Class,Adult,Male,Yes
Thrid Class,Adult,Male,Yes
Thrid Class,Adult,Male,No
Thrid Class,Adult,Male,No
Thrid Class,Adult,Male,No
Thrid Class,Adult,Male,No
Thrid Class,Adult,Male,No
Thrid Class,Adult,Male,No
Thrid Class,Adult,Male,No
Thrid Class,Adult,Male,No
Thrid Class,Adult,Male,No
Thrid Class,Adult,Male,No
Thrid Class,Adult,Male,No
Thrid Class,Adult,Male,No
Thrid Class,Adult,Male,No
Thrid Class,Adult,Male,No
Thrid Class,Adult,Male,No
Thrid Class,Adult,Male,No
Thrid Class,Adult,Male,No
Thrid Class,Adult,Male,No
Thrid Class,Adult,Male,No
Thrid Class,Adult,Male,No
Thrid Class,Adult,Male,No
Thrid Class,Adult,Male,No
Thrid Class,Adult,Male,No
Thrid Class,Adult,Male,No
Thrid Class,Adult,Male,No
Thrid Class,Adult,Male,No
Thrid Class,Adult,Male,No
Thrid Class,Adult,Male,No
Thrid Class,Adult,Male,No
Thrid Class,Adult,Male,No
Thrid Class,Adult,Male,No
Thrid Class,Adult,Male,No
Thrid Class,Adult,Male,No
Thrid Class,Adult,Male,No
Thrid Class,Adult,Male,No
Thrid Class,Adult,Male,No
Thrid Class,Adult,Male,No
Thrid Class,Adult,Male,No
Thrid Class,Adult,Male,No
Thrid Class,Adult,Male,No
Thrid Class,Adult,Male,No
Thrid Class,Adult,Male,No
Thrid Class,Adult,Male,No
Thrid Class,Adult,Male,No
Thrid Class,Adult,Male,No
Thrid Class,Adult,Male,No
Thrid Class,Adult,Male,No
Thrid Class,Adult,Male,No
Thrid Class,Adult,Male,No
Thrid Class,Adult,Male,No
Thrid Class,Adult,Male,No
Thrid Class,Adult,Male,No
Thrid Class,Adult,Male,No
Thrid Class,Adult,Male,No
Thrid Class,Adult,Male,No
Thrid Class,Adult,Male,No
Thrid Class,Adult,Male,No
Thrid Class,Adult,Male,No
Thrid Class,Adult,Male,No
Thrid Class,Adult,Male,No
Thrid Class,Adult,Male,No
Thrid Class,Adult,Male,No
Thrid Class,Adult,Male,No
Thrid Class,Adult,Male,No
Thrid Class,Adult,Male,No
Thrid Class,Adult,Male,No
Thrid Class,Adult,Male,No
Thrid Class,Adult,Male,No
Thrid Class,Adult,Male,No
Thrid Class,Adult,Male,No
Thrid Class,Adult,Male,No
Thrid Class,Adult,Male,No
Thrid Class,Adult,Male,No
Thrid Class,Adult,Male,No
Thrid Class,Adult,Male,No
Thrid Class,Adult,Male,No
Thrid Class,Adult,Male,No
Thrid Class,Adult,Male,No
Thrid Class,Adult,Male,No
Thrid Class,Adult,Male,No
Thrid Class,Adult,Male,No
Thrid Class,Adult,Male,No
Thrid Class,Adult,Male,No
Thrid Class,Adult,Male,No
Thrid Class,Adult,Male,No
Thrid Class,Adult,Male,No
Thrid Class,Adult,Male,No
Thrid Class,Adult,Male,No
Thrid Class,Adult,Male,No
Thrid Class,Adult,Male,No
Thrid Class,Adult,Male,No
Thrid Class,Adult,Male,No
Thrid Class,Adult,Male,No
Thrid Class,Adult,Male,No
Thrid Class,Adult,Male,No
Thrid Class,Adult,Male,No
Thrid Class,Adult,Male,No
Thrid Class,Adult,Male,No
Thrid Class,Adult,Male,No
Thrid Class,Adult,Male,No
Thrid Class,Adult,Male,No
Thrid Class,Adult,Male,No
Thrid Class,Adult,Male,No
Thrid Class,Adult,Male,No
Thrid Class,Adult,Male,No
Thrid Class,Adult,Male,No
Thrid Class,Adult,Male,No
Thrid Class,Adult,Male,No
Thrid Class,Adult,Male,No
Thrid Class,Adult,Male,No
Thrid Class,Adult,Male,No
Thrid Class,Adult,Male,No
Thrid Class,Adult,Male,No
Thrid Class,Adult,Male,No
Thrid Class,Adult,Male,No
Thrid Class,Adult,Male,No
Thrid Class,Adult,Male,No
Thrid Class,Adult,Male,No
Thrid Class,Adult,Male,No
Thrid Class,Adult,Male,No
Thrid Class,Adult,Male,No
Thrid Class,Adult,Male,No
Thrid Class,Adult,Male,No
Thrid Class,Adult,Male,No
Thrid Class,Adult,Male,No
Thrid Class,Adult,Male,No
Thrid Class,Adult,Male,No
Thrid Class,Adult,Male,No
Thrid Class,Adult,Male,No
Thrid Class,Adult,Male,No
Thrid Class,Adult,Male,No
Thrid Class,Adult,Male,No
Thrid Class,Adult,Male,No
Thrid Class,Adult,Male,No
Thrid Class,Adult,Male,No
Thrid Class,Adult,Male,No
Thrid Class,Adult,Male,No
Thrid Class,Adult,Male,No
Thrid Class,Adult,Male,No
Thrid Class,Adult,Male,No
Thrid Class,Adult,Male,No
Thrid Class,Adult,Male,No
Thrid Class,Adult,Male,No
Thrid Class,Adult,Male,No
Thrid Class,Adult,Male,No
Thrid Class,Adult,Male,No
Thrid Class,Adult,Male,No
Thrid Class,Adult,Male,No
Thrid Class,Adult,Male,No
Thrid Class,Adult,Male,No
Thrid Class,Adult,Male,No
Thrid Class,Adult,Male,No
Thrid Class,Adult,Male,No
Thrid Class,Adult,Male,No
Thrid Class,Adult,Male,No
Thrid Class,Adult,Male,No
Thrid Class,Adult,Male,No
Thrid Class,Adult,Male,No
Thrid Class,Adult,Male,No
Thrid Class,Adult,Male,No
Thrid Class,Adult,Male,No
Thrid Class,Adult,Male,No
Thrid Class,Adult,Male,No
Thrid Class,Adult,Male,No
Thrid Class,Adult,Male,No
Thrid Class,Adult,Male,No
Thrid Class,Adult,Male,No
Thrid Class,Adult,Male,No
Thrid Class,Adult,Male,No
Thrid Class,Adult,Male,No
Thrid Class,Adult,Male,No
Thrid Class,Adult,Male,No
Thrid Class,Adult,Male,No
Thrid Class,Adult,Male,No
Thrid Class,Adult,Male,No
Thrid Class,Adult,Male,No
Thrid Class,Adult,Male,No
Thrid Class,Adult,Male,No
Thrid Class,Adult,Male,No
Thrid Class,Adult,Male,No
Thrid Class,Adult,Male,No
Thrid Class,Adult,Male,No
Thrid Class,Adult,Male,No
Thrid Class,Adult,Male,No
Thrid Class,Adult,Male,No
Thrid Class,Adult,Male,No
Thrid Class,Adult,Male,No
Thrid Class,Adult,Male,No
Thrid Class,Adult,Male,No
Thrid Class,Adult,Male,No
Thrid Class,Adult,Male,No
Thrid Class,Adult,Male,No
Thrid Class,Adult,Male,No
Thrid Class,Adult,Male,No
Thrid Class,Adult,Male,No
Thrid Class,Adult,Male,No
Thrid Class,Adult,Male,No
Thrid Class,Adult,Male,No
Thrid Class,Adult,Male,No
Thrid Class,Adult,Male,No
Thrid Class,Adult,Male,No
Thrid Class,Adult,Male,No
Thrid Class,Adult,Male,No
Thrid Class,Adult,Male,No
Thrid Class,Adult,Male,No
Thrid Class,Adult,Male,No
Thrid Class,Adult,Male,No
Thrid Class,Adult,Male,No
Thrid Class,Adult,Male,No
Thrid Class,Adult,Male,No
Thrid Class,Adult,Male,No
Thrid Class,Adult,Male,No
Thrid Class,Adult,Male,No
Thrid Class,Adult,Male,No
Thrid Class,Adult,Male,No
Thrid Class,Adult,Male,No
Thrid Class,Adult,Male,No
Thrid Class,Adult,Male,No
Thrid Class,Adult,Male,No
Thrid Class,Adult,Male,No
Thrid Class,Adult,Male,No
Thrid Class,Adult,Male,No
Thrid Class,Adult,Male,No
Thrid Class,Adult,Male,No
Thrid Class,Adult,Male,No
Thrid Class,Adult,Male,No
Thrid Class,Adult,Male,No
Thrid Class,Adult,Male,No
Thrid Class,Adult,Male,No
Thrid Class,Adult,Male,No
Thrid Class,Adult,Male,No
Thrid Class,Adult,Male,No
Thrid Class,Adult,Male,No
Thrid Class,Adult,Male,No
Thrid Class,Adult,Male,No
Thrid Class,Adult,Male,No
Thrid Class,Adult,Male,No
Thrid Class,Adult,Male,No
Thrid Class,Adult,Male,No
Thrid Class,Adult,Male,No
Thrid Class,Adult,Male,No
Thrid Class,Adult,Male,No
Thrid Class,Adult,Male,No
Thrid Class,Adult,Male,No
Thrid Class,Adult,Male,No
Thrid Class,Adult,Male,No
Thrid Class,Adult,Male,No
Thrid Class,Adult,Male,No
Thrid Class,Adult,Male,No
Thrid Class,Adult,Male,No
Thrid Class,Adult,Male,No
Thrid Class,Adult,Male,No
Thrid Class,Adult,Male,No
Thrid Class,Adult,Male,No
Thrid Class,Adult,Male,No
Thrid Class,Adult,Male,No
Thrid Class,Adult,Male,No
Thrid Class,Adult,Male,No
Thrid Class,Adult,Male,No
Thrid Class,Adult,Male,No
Thrid Class,Adult,Male,No
Thrid Class,Adult,Male,No
Thrid Class,Adult,Male,No
Thrid Class,Adult,Male,No
Thrid Class,Adult,Male,No
Thrid Class,Adult,Male,No
Thrid Class,Adult,Male,No
Thrid Class,Adult,Male,No
Thrid Class,Adult,Male,No
Thrid Class,Adult,Male,No
Thrid Class,Adult,Male,No
Thrid Class,Adult,Male,No
Thrid Class,Adult,Male,No
Thrid Class,Adult,Male,No
Thrid Class,Adult,Male,No
Thrid Class,Adult,Male,No
Thrid Class,Adult,Male,No
Thrid Class,Adult,Male,No
Thrid Class,Adult,Male,No
Thrid Class,Adult,Male,No
Thrid Class,Adult,Male,No
Thrid Class,Adult,Male,No
Thrid Class,Adult,Male,No
Thrid Class,Adult,Male,No
Thrid Class,Adult,Male,No
Thrid Class,Adult,Male,No
Thrid Class,Adult,Male,No
Thrid Class,Adult,Male,No
Thrid Class,Adult,Male,No
Thrid Class,Adult,Male,No
Thrid Class,Adult,Male,No
Thrid Class,Adult,Male,No
Thrid Class,Adult,Male,No
Thrid Class,Adult,Male,No
Thrid Class,Adult,Male,No
Thrid Class,Adult,Male,No
Thrid Class,Adult,Male,No
Thrid Class,Adult,Male,No
Thrid Class,Adult,Male,No
Thrid Class,Adult,Male,No
Thrid Class,Adult,Male,No
Thrid Class,Adult,Male,No
Thrid Class,Adult,Male,No
Thrid Class,Adult,Male,No
Thrid Class,Adult,Male,No
Thrid Class,Adult,Male,No
Thrid Class,Adult,Male,No
Thrid Class,Adult,Male,No
Thrid Class,Adult,Male,No
Thrid Class,Adult,Male,No
Thrid Class,Adult,Male,No
Thrid Class,Adult,Male,No
Thrid Class,Adult,Male,No
Thrid Class,Adult,Male,No
Thrid Class,Adult,Male,No
Thrid Class,Adult,Male,No
Thrid Class,Adult,Male,No
Thrid Class,Adult,Male,No
Thrid Class,Adult,Male,No
Thrid Class,Adult,Male,No
Thrid Class,Adult,Male,No
Thrid Class,Adult,Male,No
Thrid Class,Adult,Male,No
Thrid Class,Adult,Male,No
Thrid Class,Adult,Male,No
Thrid Class,Adult,Male,No
Thrid Class,Adult,Male,No
Thrid Class,Adult,Male,No
Thrid Class,Adult,Male,No
Thrid Class,Adult,Male,No
Thrid Class,Adult,Male,No
Thrid Class,Adult,Male,No
Thrid Class,Adult,Male,No
Thrid Class,Adult,Male,No
Thrid Class,Adult,Male,No
Thrid Class,Adult,Male,No
Thrid Class,Adult,Male,No
Thrid Class,Adult,Male,No
Thrid Class,Adult,Male,No
Thrid Class,Adult,Male,No
Thrid Class,Adult,Male,No
Thrid Class,Adult,Male,No
Thrid Class,Adult,Male,No
Thrid Class,Adult,Male,No
Thrid Class,Adult,Male,No
Thrid Class,Adult,Male,No
Thrid Class,Adult,Male,No
Thrid Class,Adult,Male,No
Thrid Class,Adult,Male,No
Thrid Class,Adult,Male,No
Thrid Class,Adult,Male,No
Thrid Class,Adult,Male,No
Thrid Class,Adult,Male,No
Thrid Class,Adult,Male,No
Thrid Class,Adult,Male,No
Thrid Class,Adult,Male,No
Thrid Class,Adult,Male,No
Thrid Class,Adult,Male,No
Thrid Class,Adult,Male,No
Thrid Class,Adult,Male,No
Thrid Class,Adult,Male,No
Thrid Class,Adult,Male,No
Thrid Class,Adult,Male,No
Thrid Class,Adult,Male,No
Thrid Class,Adult,Male,No
Thrid Class,Adult,Male,No
Thrid Class,Adult,Male,No
Thrid Class,Adult,Male,No
Thrid Class,Adult,Male,No
Thrid Class,Adult,Male,No
Thrid Class,Adult,Male,No
Thrid Class,Adult,Male,No
Thrid Class,Adult,Male,No
Thrid Class,Adult,Male,No
Thrid Class,Adult,Male,No
Thrid Class,Adult,Male,No
Thrid Class,Adult,Male,No
Thrid Class,Adult,Male,No
Thrid Class,Adult,Male,No
Thrid Class,Adult,Male,No
Thrid Class,Adult,Male,No
Thrid Class,Adult,Male,No
Thrid Class,Adult,Male,No
Thrid Class,Adult,Male,No
Thrid Class,Adult,Male,No
Thrid Class,Adult,Male,No
Thrid Class,Adult,Male,No
Thrid Class,Adult,Female,Yes
Thrid Class,Adult,Female,Yes
Thrid Class,Adult,Female,Yes
Thrid Class,Adult,Female,Yes
Thrid Class,Adult,Female,Yes
Thrid Class,Adult,Female,Yes
Thrid Class,Adult,Female,Yes
Thrid Class,Adult,Female,Yes
Thrid Class,Adult,Female,Yes
Thrid Class,Adult,Female,Yes
Thrid Class,Adult,Female,Yes
Thrid Class,Adult,Female,Yes
Thrid Class,Adult,Female,Yes
Thrid Class,Adult,Female,Yes
Thrid Class,Adult,Female,Yes
Thrid Class,Adult,Female,Yes
Thrid Class,Adult,Female,Yes
Thrid Class,Adult,Female,Yes
Thrid Class,Adult,Female,Yes
Thrid Class,Adult,Female,Yes
Thrid Class,Adult,Female,Yes
Thrid Class,Adult,Female,Yes
Thrid Class,Adult,Female,Yes
Thrid Class,Adult,Female,Yes
Thrid Class,Adult,Female,Yes
Thrid Class,Adult,Female,Yes
Thrid Class,Adult,Female,Yes
Thrid Class,Adult,Female,Yes
Thrid Class,Adult,Female,Yes
Thrid Class,Adult,Female,Yes
Thrid Class,Adult,Female,Yes
Thrid Class,Adult,Female,Yes
Thrid Class,Adult,Female,Yes
Thrid Class,Adult,Female,Yes
Thrid Class,Adult,Female,Yes
Thrid Class,Adult,Female,Yes
Thrid Class,Adult,Female,Yes
Thrid Class,Adult,Female,Yes
Thrid Class,Adult,Female,Yes
Thrid Class,Adult,Female,Yes
Thrid Class,Adult,Female,Yes
Thrid Class,Adult,Female,Yes
Thrid Class,Adult,Female,Yes
Thrid Class,Adult,Female,Yes
Thrid Class,Adult,Female,Yes
Thrid Class,Adult,Female,Yes
Thrid Class,Adult,Female,Yes
Thrid Class,Adult,Female,Yes
Thrid Class,Adult,Female,Yes
Thrid Class,Adult,Female,Yes
Thrid Class,Adult,Female,Yes
Thrid Class,Adult,Female,Yes
Thrid Class,Adult,Female,Yes
Thrid Class,Adult,Female,Yes
Thrid Class,Adult,Female,Yes
Thrid Class,Adult,Female,Yes
Thrid Class,Adult,Female,Yes
Thrid Class,Adult,Female,Yes
Thrid Class,Adult,Female,Yes
Thrid Class,Adult,Female,Yes
Thrid Class,Adult,Female,Yes
Thrid Class,Adult,Female,Yes
Thrid Class,Adult,Female,Yes
Thrid Class,Adult,Female,Yes
Thrid Class,Adult,Female,Yes
Thrid Class,Adult,Female,Yes
Thrid Class,Adult,Female,Yes
Thrid Class,Adult,Female,Yes
Thrid Class,Adult,Female,Yes
Thrid Class,Adult,Female,Yes
Thrid Class,Adult,Female,Yes
Thrid Class,Adult,Female,Yes
Thrid Class,Adult,Female,Yes
Thrid Class,Adult,Female,Yes
Thrid Class,Adult,Female,Yes
Thrid Class,Adult,Female,Yes
Thrid Class,Adult,Female,No
Thrid Class,Adult,Female,No
Thrid Class,Adult,Female,No
Thrid Class,Adult,Female,No
Thrid Class,Adult,Female,No
Thrid Class,Adult,Female,No
Thrid Class,Adult,Female,No
Thrid Class,Adult,Female,No
Thrid Class,Adult,Female,No
Thrid Class,Adult,Female,No
Thrid Class,Adult,Female,No
Thrid Class,Adult,Female,No
Thrid Class,Adult,Female,No
Thrid Class,Adult,Female,No
Thrid Class,Adult,Female,No
Thrid Class,Adult,Female,No
Thrid Class,Adult,Female,No
Thrid Class,Adult,Female,No
Thrid Class,Adult,Female,No
Thrid Class,Adult,Female,No
Thrid Class,Adult,Female,No
Thrid Class,Adult,Female,No
Thrid Class,Adult,Female,No
Thrid Class,Adult,Female,No
Thrid Class,Adult,Female,No
Thrid Class,Adult,Female,No
Thrid Class,Adult,Female,No
Thrid Class,Adult,Female,No
Thrid Class,Adult,Female,No
Thrid Class,Adult,Female,No
Thrid Class,Adult,Female,No
Thrid Class,Adult,Female,No
Thrid Class,Adult,Female,No
Thrid Class,Adult,Female,No
Thrid Class,Adult,Female,No
Thrid Class,Adult,Female,No
Thrid Class,Adult,Female,No
Thrid Class,Adult,Female,No
Thrid Class,Adult,Female,No
Thrid Class,Adult,Female,No
Thrid Class,Adult,Female,No
Thrid Class,Adult,Female,No
Thrid Class,Adult,Female,No
Thrid Class,Adult,Female,No
Thrid Class,Adult,Female,No
Thrid Class,Adult,Female,No
Thrid Class,Adult,Female,No
Thrid Class,Adult,Female,No
Thrid Class,Adult,Female,No
Thrid Class,Adult,Female,No
Thrid Class,Adult,Female,No
Thrid Class,Adult,Female,No
Thrid Class,Adult,Female,No
Thrid Class,Adult,Female,No
Thrid Class,Adult,Female,No
Thrid Class,Adult,Female,No
Thrid Class,Adult,Female,No
Thrid Class,Adult,Female,No
Thrid Class,Adult,Female,No
Thrid Class,Adult,Female,No
Thrid Class,Adult,Female,No
Thrid Class,Adult,Female,No
Thrid Class,Adult,Female,No
Thrid Class,Adult,Female,No
Thrid Class,Adult,Female,No
Thrid Class,Adult,Female,No
Thrid Class,Adult,Female,No
Thrid Class,Adult,Female,No
Thrid Class,Adult,Female,No
Thrid Class,Adult,Female,No
Thrid Class,Adult,Female,No
Thrid Class,Adult,Female,No
Thrid Class,Adult,Female,No
Thrid Class,Adult,Female,No
Thrid Class,Adult,Female,No
Thrid Class,Adult,Female,No
Thrid Class,Adult,Female,No
Thrid Class,Adult,Female,No
Thrid Class,Adult,Female,No
Thrid Class,Adult,Female,No
Thrid Class,Adult,Female,No
Thrid Class,Adult,Female,No
Thrid Class,Adult,Female,No
Thrid Class,Adult,Female,No
Thrid Class,Adult,Female,No
Thrid Class,Adult,Female,No
Thrid Class,Adult,Female,No
Thrid Class,Adult,Female,No
Thrid Class,Adult,Female,No
Thrid Class,Child,Male,Yes
Thrid Class,Child,Male,Yes
Thrid Class,Child,Male,Yes
Thrid Class,Child,Male,Yes
Thrid Class,Child,Male,Yes
Thrid Class,Child,Male,Yes
Thrid Class,Child,Male,Yes
Thrid Class,Child,Male,Yes
Thrid Class,Child,Male,Yes
Thrid Class,Child,Male,Yes
Thrid Class,Child,Male,Yes
Thrid Class,Child,Male,Yes
Thrid Class,Child,Male,Yes
Thrid Class,Child,Male,No
Thrid Class,Child,Male,No
Thrid Class,Child,Male,No
Thrid Class,Child,Male,No
Thrid Class,Child,Male,No
Thrid Class,Child,Male,No
Thrid Class,Child,Male,No
Thrid Class,Child,Male,No
Thrid Class,Child,Male,No
Thrid Class,Child,Male,No
Thrid Class,Child,Male,No
Thrid Class,Child,Male,No
Thrid Class,Child,Male,No
Thrid Class,Child,Male,No
Thrid Class,Child,Male,No
Thrid Class,Child,Male,No
Thrid Class,Child,Male,No
Thrid Class,Child,Male,No
Thrid Class,Child,Male,No
Thrid Class,Child,Male,No
Thrid Class,Child,Male,No
Thrid Class,Child,Male,No
Thrid Class,Child,Male,No
Thrid Class,Child,Male,No
Thrid Class,Child,Male,No
Thrid Class,Child,Male,No
Thrid Class,Child,Male,No
Thrid Class,Child,Male,No
Thrid Class,Child,Male,No
Thrid Class,Child,Male,No
Thrid Class,Child,Male,No
Thrid Class,Child,Male,No
Thrid Class,Child,Male,No
Thrid Class,Child,Male,No
Thrid Class,Child,Male,No
Thrid Class,Child,Female,Yes
Thrid Class,Child,Female,Yes
Thrid Class,Child,Female,Yes
Thrid Class,Child,Female,Yes
Thrid Class,Child,Female,Yes
Thrid Class,Child,Female,Yes
Thrid Class,Child,Female,Yes
Thrid Class,Child,Female,Yes
Thrid Class,Child,Female,Yes
Thrid Class,Child,Female,Yes
Thrid Class,Child,Female,Yes
Thrid Class,Child,Female,Yes
Thrid Class,Child,Female,Yes
Thrid Class,Child,Female,Yes
Thrid Class,Child,Female,No
Thrid Class,Child,Female,No
Thrid Class,Child,Female,No
Thrid Class,Child,Female,No
Thrid Class,Child,Female,No
Thrid Class,Child,Female,No
Thrid Class,Child,Female,No
Thrid Class,Child,Female,No
Thrid Class,Child,Female,No
Thrid Class,Child,Female,No
Thrid Class,Child,Female,No
Thrid Class,Child,Female,No
Thrid Class,Child,Female,No
Thrid Class,Child,Female,No
Thrid Class,Child,Female,No
Thrid Class,Child,Female,No
Thrid Class,Child,Female,No
Crew,Adult,Male,Yes
Crew,Adult,Male,Yes
Crew,Adult,Male,Yes
Crew,Adult,Male,Yes
Crew,Adult,Male,Yes
Crew,Adult,Male,Yes
Crew,Adult,Male,Yes
Crew,Adult,Male,Yes
Crew,Adult,Male,Yes
Crew,Adult,Male,Yes
Crew,Adult,Male,Yes
Crew,Adult,Male,Yes
Crew,Adult,Male,Yes
Crew,Adult,Male,Yes
Crew,Adult,Male,Yes
Crew,Adult,Male,Yes
Crew,Adult,Male,Yes
Crew,Adult,Male,Yes
Crew,Adult,Male,Yes
Crew,Adult,Male,Yes
Crew,Adult,Male,Yes
Crew,Adult,Male,Yes
Crew,Adult,Male,Yes
Crew,Adult,Male,Yes
Crew,Adult,Male,Yes
Crew,Adult,Male,Yes
Crew,Adult,Male,Yes
Crew,Adult,Male,Yes
Crew,Adult,Male,Yes
Crew,Adult,Male,Yes
Crew,Adult,Male,Yes
Crew,Adult,Male,Yes
Crew,Adult,Male,Yes
Crew,Adult,Male,Yes
Crew,Adult,Male,Yes
Crew,Adult,Male,Yes
Crew,Adult,Male,Yes
Crew,Adult,Male,Yes
Crew,Adult,Male,Yes
Crew,Adult,Male,Yes
Crew,Adult,Male,Yes
Crew,Adult,Male,Yes
Crew,Adult,Male,Yes
Crew,Adult,Male,Yes
Crew,Adult,Male,Yes
Crew,Adult,Male,Yes
Crew,Adult,Male,Yes
Crew,Adult,Male,Yes
Crew,Adult,Male,Yes
Crew,Adult,Male,Yes
Crew,Adult,Male,Yes
Crew,Adult,Male,Yes
Crew,Adult,Male,Yes
Crew,Adult,Male,Yes
Crew,Adult,Male,Yes
Crew,Adult,Male,Yes
Crew,Adult,Male,Yes
Crew,Adult,Male,Yes
Crew,Adult,Male,Yes
Crew,Adult,Male,Yes
Crew,Adult,Male,Yes
Crew,Adult,Male,Yes
Crew,Adult,Male,Yes
Crew,Adult,Male,Yes
Crew,Adult,Male,Yes
Crew,Adult,Male,Yes
Crew,Adult,Male,Yes
Crew,Adult,Male,Yes
Crew,Adult,Male,Yes
Crew,Adult,Male,Yes
Crew,Adult,Male,Yes
Crew,Adult,Male,Yes
Crew,Adult,Male,Yes
Crew,Adult,Male,Yes
Crew,Adult,Male,Yes
Crew,Adult,Male,Yes
Crew,Adult,Male,Yes
Crew,Adult,Male,Yes
Crew,Adult,Male,Yes
Crew,Adult,Male,Yes
Crew,Adult,Male,Yes
Crew,Adult,Male,Yes
Crew,Adult,Male,Yes
Crew,Adult,Male,Yes
Crew,Adult,Male,Yes
Crew,Adult,Male,Yes
Crew,Adult,Male,Yes
Crew,Adult,Male,Yes
Crew,Adult,Male,Yes
Crew,Adult,Male,Yes
Crew,Adult,Male,Yes
Crew,Adult,Male,Yes
Crew,Adult,Male,Yes
Crew,Adult,Male,Yes
Crew,Adult,Male,Yes
Crew,Adult,Male,Yes
Crew,Adult,Male,Yes
Crew,Adult,Male,Yes
Crew,Adult,Male,Yes
Crew,Adult,Male,Yes
Crew,Adult,Male,Yes
Crew,Adult,Male,Yes
Crew,Adult,Male,Yes
Crew,Adult,Male,Yes
Crew,Adult,Male,Yes
Crew,Adult,Male,Yes
Crew,Adult,Male,Yes
Crew,Adult,Male,Yes
Crew,Adult,Male,Yes
Crew,Adult,Male,Yes
Crew,Adult,Male,Yes
Crew,Adult,Male,Yes
Crew,Adult,Male,Yes
Crew,Adult,Male,Yes
Crew,Adult,Male,Yes
Crew,Adult,Male,Yes
Crew,Adult,Male,Yes
Crew,Adult,Male,Yes
Crew,Adult,Male,Yes
Crew,Adult,Male,Yes
Crew,Adult,Male,Yes
Crew,Adult,Male,Yes
Crew,Adult,Male,Yes
Crew,Adult,Male,Yes
Crew,Adult,Male,Yes
Crew,Adult,Male,Yes
Crew,Adult,Male,Yes
Crew,Adult,Male,Yes
Crew,Adult,Male,Yes
Crew,Adult,Male,Yes
Crew,Adult,Male,Yes
Crew,Adult,Male,Yes
Crew,Adult,Male,Yes
Crew,Adult,Male,Yes
Crew,Adult,Male,Yes
Crew,Adult,Male,Yes
Crew,Adult,Male,Yes
Crew,Adult,Male,Yes
Crew,Adult,Male,Yes
Crew,Adult,Male,Yes
Crew,Adult,Male,Yes
Crew,Adult,Male,Yes
Crew,Adult,Male,Yes
Crew,Adult,Male,Yes
Crew,Adult,Male,Yes
Crew,Adult,Male,Yes
Crew,Adult,Male,Yes
Crew,Adult,Male,Yes
Crew,Adult,Male,Yes
Crew,Adult,Male,Yes
Crew,Adult,Male,Yes
Crew,Adult,Male,Yes
Crew,Adult,Male,Yes
Crew,Adult,Male,Yes
Crew,Adult,Male,Yes
Crew,Adult,Male,Yes
Crew,Adult,Male,Yes
Crew,Adult,Male,Yes
Crew,Adult,Male,Yes
Crew,Adult,Male,Yes
Crew,Adult,Male,Yes
Crew,Adult,Male,Yes
Crew,Adult,Male,Yes
Crew,Adult,Male,Yes
Crew,Adult,Male,Yes
Crew,Adult,Male,Yes
Crew,Adult,Male,Yes
Crew,Adult,Male,Yes
Crew,Adult,Male,Yes
Crew,Adult,Male,Yes
Crew,Adult,Male,Yes
Crew,Adult,Male,Yes
Crew,Adult,Male,Yes
Crew,Adult,Male,Yes
Crew,Adult,Male,Yes
Crew,Adult,Male,Yes
Crew,Adult,Male,Yes
Crew,Adult,Male,Yes
Crew,Adult,Male,Yes
Crew,Adult,Male,Yes
Crew,Adult,Male,Yes
Crew,Adult,Male,Yes
Crew,Adult,Male,Yes
Crew,Adult,Male,Yes
Crew,Adult,Male,Yes
Crew,Adult,Male,Yes
Crew,Adult,Male,Yes
Crew,Adult,Male,Yes
Crew,Adult,Male,Yes
Crew,Adult,Male,Yes
Crew,Adult,Male,Yes
Crew,Adult,Male,Yes
Crew,Adult,Male,No
Crew,Adult,Male,No
Crew,Adult,Male,No
Crew,Adult,Male,No
Crew,Adult,Male,No
Crew,Adult,Male,No
Crew,Adult,Male,No
Crew,Adult,Male,No
Crew,Adult,Male,No
Crew,Adult,Male,No
Crew,Adult,Male,No
Crew,Adult,Male,No
Crew,Adult,Male,No
Crew,Adult,Male,No
Crew,Adult,Male,No
Crew,Adult,Male,No
Crew,Adult,Male,No
Crew,Adult,Male,No
Crew,Adult,Male,No
Crew,Adult,Male,No
Crew,Adult,Male,No
Crew,Adult,Male,No
Crew,Adult,Male,No
Crew,Adult,Male,No
Crew,Adult,Male,No
Crew,Adult,Male,No
Crew,Adult,Male,No
Crew,Adult,Male,No
Crew,Adult,Male,No
Crew,Adult,Male,No
Crew,Adult,Male,No
Crew,Adult,Male,No
Crew,Adult,Male,No
Crew,Adult,Male,No
Crew,Adult,Male,No
Crew,Adult,Male,No
Crew,Adult,Male,No
Crew,Adult,Male,No
Crew,Adult,Male,No
Crew,Adult,Male,No
Crew,Adult,Male,No
Crew,Adult,Male,No
Crew,Adult,Male,No
Crew,Adult,Male,No
Crew,Adult,Male,No
Crew,Adult,Male,No
Crew,Adult,Male,No
Crew,Adult,Male,No
Crew,Adult,Male,No
Crew,Adult,Male,No
Crew,Adult,Male,No
Crew,Adult,Male,No
Crew,Adult,Male,No
Crew,Adult,Male,No
Crew,Adult,Male,No
Crew,Adult,Male,No
Crew,Adult,Male,No
Crew,Adult,Male,No
Crew,Adult,Male,No
Crew,Adult,Male,No
Crew,Adult,Male,No
Crew,Adult,Male,No
Crew,Adult,Male,No
Crew,Adult,Male,No
Crew,Adult,Male,No
Crew,Adult,Male,No
Crew,Adult,Male,No
Crew,Adult,Male,No
Crew,Adult,Male,No
Crew,Adult,Male,No
Crew,Adult,Male,No
Crew,Adult,Male,No
Crew,Adult,Male,No
Crew,Adult,Male,No
Crew,Adult,Male,No
Crew,Adult,Male,No
Crew,Adult,Male,No
Crew,Adult,Male,No
Crew,Adult,Male,No
Crew,Adult,Male,No
Crew,Adult,Male,No
Crew,Adult,Male,No
Crew,Adult,Male,No
Crew,Adult,Male,No
Crew,Adult,Male,No
Crew,Adult,Male,No
Crew,Adult,Male,No
Crew,Adult,Male,No
Crew,Adult,Male,No
Crew,Adult,Male,No
Crew,Adult,Male,No
Crew,Adult,Male,No
Crew,Adult,Male,No
Crew,Adult,Male,No
Crew,Adult,Male,No
Crew,Adult,Male,No
Crew,Adult,Male,No
Crew,Adult,Male,No
Crew,Adult,Male,No
Crew,Adult,Male,No
Crew,Adult,Male,No
Crew,Adult,Male,No
Crew,Adult,Male,No
Crew,Adult,Male,No
Crew,Adult,Male,No
Crew,Adult,Male,No
Crew,Adult,Male,No
Crew,Adult,Male,No
Crew,Adult,Male,No
Crew,Adult,Male,No
Crew,Adult,Male,No
Crew,Adult,Male,No
Crew,Adult,Male,No
Crew,Adult,Male,No
Crew,Adult,Male,No
Crew,Adult,Male,No
Crew,Adult,Male,No
Crew,Adult,Male,No
Crew,Adult,Male,No
Crew,Adult,Male,No
Crew,Adult,Male,No
Crew,Adult,Male,No
Crew,Adult,Male,No
Crew,Adult,Male,No
Crew,Adult,Male,No
Crew,Adult,Male,No
Crew,Adult,Male,No
Crew,Adult,Male,No
Crew,Adult,Male,No
Crew,Adult,Male,No
Crew,Adult,Male,No
Crew,Adult,Male,No
Crew,Adult,Male,No
Crew,Adult,Male,No
Crew,Adult,Male,No
Crew,Adult,Male,No
Crew,Adult,Male,No
Crew,Adult,Male,No
Crew,Adult,Male,No
Crew,Adult,Male,No
Crew,Adult,Male,No
Crew,Adult,Male,No
Crew,Adult,Male,No
Crew,Adult,Male,No
Crew,Adult,Male,No
Crew,Adult,Male,No
Crew,Adult,Male,No
Crew,Adult,Male,No
Crew,Adult,Male,No
Crew,Adult,Male,No
Crew,Adult,Male,No
Crew,Adult,Male,No
Crew,Adult,Male,No
Crew,Adult,Male,No
Crew,Adult,Male,No
Crew,Adult,Male,No
Crew,Adult,Male,No
Crew,Adult,Male,No
Crew,Adult,Male,No
Crew,Adult,Male,No
Crew,Adult,Male,No
Crew,Adult,Male,No
Crew,Adult,Male,No
Crew,Adult,Male,No
Crew,Adult,Male,No
Crew,Adult,Male,No
Crew,Adult,Male,No
Crew,Adult,Male,No
Crew,Adult,Male,No
Crew,Adult,Male,No
Crew,Adult,Male,No
Crew,Adult,Male,No
Crew,Adult,Male,No
Crew,Adult,Male,No
Crew,Adult,Male,No
Crew,Adult,Male,No
Crew,Adult,Male,No
Crew,Adult,Male,No
Crew,Adult,Male,No
Crew,Adult,Male,No
Crew,Adult,Male,No
Crew,Adult,Male,No
Crew,Adult,Male,No
Crew,Adult,Male,No
Crew,Adult,Male,No
Crew,Adult,Male,No
Crew,Adult,Male,No
Crew,Adult,Male,No
Crew,Adult,Male,No
Crew,Adult,Male,No
Crew,Adult,Male,No
Crew,Adult,Male,No
Crew,Adult,Male,No
Crew,Adult,Male,No
Crew,Adult,Male,No
Crew,Adult,Male,No
Crew,Adult,Male,No
Crew,Adult,Male,No
Crew,Adult,Male,No
Crew,Adult,Male,No
Crew,Adult,Male,No
Crew,Adult,Male,No
Crew,Adult,Male,No
Crew,Adult,Male,No
Crew,Adult,Male,No
Crew,Adult,Male,No
Crew,Adult,Male,No
Crew,Adult,Male,No
Crew,Adult,Male,No
Crew,Adult,Male,No
Crew,Adult,Male,No
Crew,Adult,Male,No
Crew,Adult,Male,No
Crew,Adult,Male,No
Crew,Adult,Male,No
Crew,Adult,Male,No
Crew,Adult,Male,No
Crew,Adult,Male,No
Crew,Adult,Male,No
Crew,Adult,Male,No
Crew,Adult,Male,No
Crew,Adult,Male,No
Crew,Adult,Male,No
Crew,Adult,Male,No
Crew,Adult,Male,No
Crew,Adult,Male,No
Crew,Adult,Male,No
Crew,Adult,Male,No
Crew,Adult,Male,No
Crew,Adult,Male,No
Crew,Adult,Male,No
Crew,Adult,Male,No
Crew,Adult,Male,No
Crew,Adult,Male,No
Crew,Adult,Male,No
Crew,Adult,Male,No
Crew,Adult,Male,No
Crew,Adult,Male,No
Crew,Adult,Male,No
Crew,Adult,Male,No
Crew,Adult,Male,No
Crew,Adult,Male,No
Crew,Adult,Male,No
Crew,Adult,Male,No
Crew,Adult,Male,No
Crew,Adult,Male,No
Crew,Adult,Male,No
Crew,Adult,Male,No
Crew,Adult,Male,No
Crew,Adult,Male,No
Crew,Adult,Male,No
Crew,Adult,Male,No
Crew,Adult,Male,No
Crew,Adult,Male,No
Crew,Adult,Male,No
Crew,Adult,Male,No
Crew,Adult,Male,No
Crew,Adult,Male,No
Crew,Adult,Male,No
Crew,Adult,Male,No
Crew,Adult,Male,No
Crew,Adult,Male,No
Crew,Adult,Male,No
Crew,Adult,Male,No
Crew,Adult,Male,No
Crew,Adult,Male,No
Crew,Adult,Male,No
Crew,Adult,Male,No
Crew,Adult,Male,No
Crew,Adult,Male,No
Crew,Adult,Male,No
Crew,Adult,Male,No
Crew,Adult,Male,No
Crew,Adult,Male,No
Crew,Adult,Male,No
Crew,Adult,Male,No
Crew,Adult,Male,No
Crew,Adult,Male,No
Crew,Adult,Male,No
Crew,Adult,Male,No
Crew,Adult,Male,No
Crew,Adult,Male,No
Crew,Adult,Male,No
Crew,Adult,Male,No
Crew,Adult,Male,No
Crew,Adult,Male,No
Crew,Adult,Male,No
Crew,Adult,Male,No
Crew,Adult,Male,No
Crew,Adult,Male,No
Crew,Adult,Male,No
Crew,Adult,Male,No
Crew,Adult,Male,No
Crew,Adult,Male,No
Crew,Adult,Male,No
Crew,Adult,Male,No
Crew,Adult,Male,No
Crew,Adult,Male,No
Crew,Adult,Male,No
Crew,Adult,Male,No
Crew,Adult,Male,No
Crew,Adult,Male,No
Crew,Adult,Male,No
Crew,Adult,Male,No
Crew,Adult,Male,No
Crew,Adult,Male,No
Crew,Adult,Male,No
Crew,Adult,Male,No
Crew,Adult,Male,No
Crew,Adult,Male,No
Crew,Adult,Male,No
Crew,Adult,Male,No
Crew,Adult,Male,No
Crew,Adult,Male,No
Crew,Adult,Male,No
Crew,Adult,Male,No
Crew,Adult,Male,No
Crew,Adult,Male,No
Crew,Adult,Male,No
Crew,Adult,Male,No
Crew,Adult,Male,No
Crew,Adult,Male,No
Crew,Adult,Male,No
Crew,Adult,Male,No
Crew,Adult,Male,No
Crew,Adult,Male,No
Crew,Adult,Male,No
Crew,Adult,Male,No
Crew,Adult,Male,No
Crew,Adult,Male,No
Crew,Adult,Male,No
Crew,Adult,Male,No
Crew,Adult,Male,No
Crew,Adult,Male,No
Crew,Adult,Male,No
Crew,Adult,Male,No
Crew,Adult,Male,No
Crew,Adult,Male,No
Crew,Adult,Male,No
Crew,Adult,Male,No
Crew,Adult,Male,No
Crew,Adult,Male,No
Crew,Adult,Male,No
Crew,Adult,Male,No
Crew,Adult,Male,No
Crew,Adult,Male,No
Crew,Adult,Male,No
Crew,Adult,Male,No
Crew,Adult,Male,No
Crew,Adult,Male,No
Crew,Adult,Male,No
Crew,Adult,Male,No
Crew,Adult,Male,No
Crew,Adult,Male,No
Crew,Adult,Male,No
Crew,Adult,Male,No
Crew,Adult,Male,No
Crew,Adult,Male,No
Crew,Adult,Male,No
Crew,Adult,Male,No
Crew,Adult,Male,No
Crew,Adult,Male,No
Crew,Adult,Male,No
Crew,Adult,Male,No
Crew,Adult,Male,No
Crew,Adult,Male,No
Crew,Adult,Male,No
Crew,Adult,Male,No
Crew,Adult,Male,No
Crew,Adult,Male,No
Crew,Adult,Male,No
Crew,Adult,Male,No
Crew,Adult,Male,No
Crew,Adult,Male,No
Crew,Adult,Male,No
Crew,Adult,Male,No
Crew,Adult,Male,No
Crew,Adult,Male,No
Crew,Adult,Male,No
Crew,Adult,Male,No
Crew,Adult,Male,No
Crew,Adult,Male,No
Crew,Adult,Male,No
Crew,Adult,Male,No
Crew,Adult,Male,No
Crew,Adult,Male,No
Crew,Adult,Male,No
Crew,Adult,Male,No
Crew,Adult,Male,No
Crew,Adult,Male,No
Crew,Adult,Male,No
Crew,Adult,Male,No
Crew,Adult,Male,No
Crew,Adult,Male,No
Crew,Adult,Male,No
Crew,Adult,Male,No
Crew,Adult,Male,No
Crew,Adult,Male,No
Crew,Adult,Male,No
Crew,Adult,Male,No
Crew,Adult,Male,No
Crew,Adult,Male,No
Crew,Adult,Male,No
Crew,Adult,Male,No
Crew,Adult,Male,No
Crew,Adult,Male,No
Crew,Adult,Male,No
Crew,Adult,Male,No
Crew,Adult,Male,No
Crew,Adult,Male,No
Crew,Adult,Male,No
Crew,Adult,Male,No
Crew,Adult,Male,No
Crew,Adult,Male,No
Crew,Adult,Male,No
Crew,Adult,Male,No
Crew,Adult,Male,No
Crew,Adult,Male,No
Crew,Adult,Male,No
Crew,Adult,Male,No
Crew,Adult,Male,No
Crew,Adult,Male,No
Crew,Adult,Male,No
Crew,Adult,Male,No
Crew,Adult,Male,No
Crew,Adult,Male,No
Crew,Adult,Male,No
Crew,Adult,Male,No
Crew,Adult,Male,No
Crew,Adult,Male,No
Crew,Adult,Male,No
Crew,Adult,Male,No
Crew,Adult,Male,No
Crew,Adult,Male,No
Crew,Adult,Male,No
Crew,Adult,Male,No
Crew,Adult,Male,No
Crew,Adult,Male,No
Crew,Adult,Male,No
Crew,Adult,Male,No
Crew,Adult,Male,No
Crew,Adult,Male,No
Crew,Adult,Male,No
Crew,Adult,Male,No
Crew,Adult,Male,No
Crew,Adult,Male,No
Crew,Adult,Male,No
Crew,Adult,Male,No
Crew,Adult,Male,No
Crew,Adult,Male,No
Crew,Adult,Male,No
Crew,Adult,Male,No
Crew,Adult,Male,No
Crew,Adult,Male,No
Crew,Adult,Male,No
Crew,Adult,Male,No
Crew,Adult,Male,No
Crew,Adult,Male,No
Crew,Adult,Male,No
Crew,Adult,Male,No
Crew,Adult,Male,No
Crew,Adult,Male,No
Crew,Adult,Male,No
Crew,Adult,Male,No
Crew,Adult,Male,No
Crew,Adult,Male,No
Crew,Adult,Male,No
Crew,Adult,Male,No
Crew,Adult,Male,No
Crew,Adult,Male,No
Crew,Adult,Male,No
Crew,Adult,Male,No
Crew,Adult,Male,No
Crew,Adult,Male,No
Crew,Adult,Male,No
Crew,Adult,Male,No
Crew,Adult,Male,No
Crew,Adult,Male,No
Crew,Adult,Male,No
Crew,Adult,Male,No
Crew,Adult,Male,No
Crew,Adult,Male,No
Crew,Adult,Male,No
Crew,Adult,Male,No
Crew,Adult,Male,No
Crew,Adult,Male,No
Crew,Adult,Male,No
Crew,Adult,Male,No
Crew,Adult,Male,No
Crew,Adult,Male,No
Crew,Adult,Male,No
Crew,Adult,Male,No
Crew,Adult,Male,No
Crew,Adult,Male,No
Crew,Adult,Male,No
Crew,Adult,Male,No
Crew,Adult,Male,No
Crew,Adult,Male,No
Crew,Adult,Male,No
Crew,Adult,Male,No
Crew,Adult,Male,No
Crew,Adult,Male,No
Crew,Adult,Male,No
Crew,Adult,Male,No
Crew,Adult,Male,No
Crew,Adult,Male,No
Crew,Adult,Male,No
Crew,Adult,Male,No
Crew,Adult,Male,No
Crew,Adult,Male,No
Crew,Adult,Male,No
Crew,Adult,Male,No
Crew,Adult,Male,No
Crew,Adult,Male,No
Crew,Adult,Male,No
Crew,Adult,Male,No
Crew,Adult,Male,No
Crew,Adult,Male,No
Crew,Adult,Male,No
Crew,Adult,Male,No
Crew,Adult,Male,No
Crew,Adult,Male,No
Crew,Adult,Male,No
Crew,Adult,Male,No
Crew,Adult,Male,No
Crew,Adult,Male,No
Crew,Adult,Male,No
Crew,Adult,Male,No
Crew,Adult,Male,No
Crew,Adult,Male,No
Crew,Adult,Male,No
Crew,Adult,Male,No
Crew,Adult,Male,No
Crew,Adult,Male,No
Crew,Adult,Male,No
Crew,Adult,Male,No
Crew,Adult,Male,No
Crew,Adult,Male,No
Crew,Adult,Male,No
Crew,Adult,Male,No
Crew,Adult,Male,No
Crew,Adult,Male,No
Crew,Adult,Male,No
Crew,Adult,Male,No
Crew,Adult,Male,No
Crew,Adult,Male,No
Crew,Adult,Male,No
Crew,Adult,Male,No
Crew,Adult,Male,No
Crew,Adult,Male,No
Crew,Adult,Male,No
Crew,Adult,Male,No
Crew,Adult,Male,No
Crew,Adult,Male,No
Crew,Adult,Male,No
Crew,Adult,Male,No
Crew,Adult,Male,No
Crew,Adult,Male,No
Crew,Adult,Male,No
Crew,Adult,Male,No
Crew,Adult,Male,No
Crew,Adult,Male,No
Crew,Adult,Male,No
Crew,Adult,Male,No
Crew,Adult,Male,No
Crew,Adult,Male,No
Crew,Adult,Male,No
Crew,Adult,Male,No
Crew,Adult,Male,No
Crew,Adult,Male,No
Crew,Adult,Male,No
Crew,Adult,Male,No
Crew,Adult,Male,No
Crew,Adult,Male,No
Crew,Adult,Male,No
Crew,Adult,Male,No
Crew,Adult,Male,No
Crew,Adult,Male,No
Crew,Adult,Male,No
Crew,Adult,Male,No
Crew,Adult,Male,No
Crew,Adult,Male,No
Crew,Adult,Male,No
Crew,Adult,Male,No
Crew,Adult,Male,No
Crew,Adult,Male,No
Crew,Adult,Male,No
Crew,Adult,Male,No
Crew,Adult,Male,No
Crew,Adult,Male,No
Crew,Adult,Male,No
Crew,Adult,Male,No
Crew,Adult,Male,No
Crew,Adult,Male,No
Crew,Adult,Male,No
Crew,Adult,Male,No
Crew,Adult,Male,No
Crew,Adult,Male,No
Crew,Adult,Male,No
Crew,Adult,Male,No
Crew,Adult,Male,No
Crew,Adult,Male,No
Crew,Adult,Male,No
Crew,Adult,Male,No
Crew,Adult,Male,No
Crew,Adult,Male,No
Crew,Adult,Male,No
Crew,Adult,Male,No
Crew,Adult,Male,No
Crew,Adult,Male,No
Crew,Adult,Male,No
Crew,Adult,Male,No
Crew,Adult,Male,No
Crew,Adult,Male,No
Crew,Adult,Male,No
Crew,Adult,Male,No
Crew,Adult,Male,No
Crew,Adult,Male,No
Crew,Adult,Male,No
Crew,Adult,Male,No
Crew,Adult,Male,No
Crew,Adult,Male,No
Crew,Adult,Male,No
Crew,Adult,Male,No
Crew,Adult,Male,No
Crew,Adult,Male,No
Crew,Adult,Male,No
Crew,Adult,Male,No
Crew,Adult,Male,No
Crew,Adult,Male,No
Crew,Adult,Male,No
Crew,Adult,Male,No
Crew,Adult,Male,No
Crew,Adult,Male,No
Crew,Adult,Male,No
Crew,Adult,Male,No
Crew,Adult,Male,No
Crew,Adult,Male,No
Crew,Adult,Male,No
Crew,Adult,Male,No
Crew,Adult,Male,No
Crew,Adult,Male,No
Crew,Adult,Male,No
Crew,Adult,Male,No
Crew,Adult,Male,No
Crew,Adult,Male,No
Crew,Adult,Male,No
Crew,Adult,Male,No
Crew,Adult,Male,No
Crew,Adult,Male,No
Crew,Adult,Male,No
Crew,Adult,Male,No
Crew,Adult,Male,No
Crew,Adult,Male,No
Crew,Adult,Male,No
Crew,Adult,Male,No
Crew,Adult,Male,No
Crew,Adult,Male,No
Crew,Adult,Male,No
Crew,Adult,Male,No
Crew,Adult,Male,No
Crew,Adult,Male,No
Crew,Adult,Male,No
Crew,Adult,Male,No
Crew,Adult,Male,No
Crew,Adult,Male,No
Crew,Adult,Male,No
Crew,Adult,Male,No
Crew,Adult,Male,No
Crew,Adult,Male,No
Crew,Adult,Female,Yes
Crew,Adult,Female,Yes
Crew,Adult,Female,Yes
Crew,Adult,Female,Yes
Crew,Adult,Female,Yes
Crew,Adult,Female,Yes
Crew,Adult,Female,Yes
Crew,Adult,Female,Yes
Crew,Adult,Female,Yes
Crew,Adult,Female,Yes
Crew,Adult,Female,Yes
Crew,Adult,Female,Yes
Crew,Adult,Female,Yes
Crew,Adult,Female,Yes
Crew,Adult,Female,Yes
Crew,Adult,Female,Yes
Crew,Adult,Female,Yes
Crew,Adult,Female,Yes
Crew,Adult,Female,Yes
Crew,Adult,Female,Yes
Crew,Adult,Female,No
Crew,Adult,Female,No
Crew,Adult,Female,No
